,Unnamed: 0,source_id,station_network_code,station_code,station_location_code,station_channels,station_latitude_deg,station_longitude_deg,station_elevation_m,station_vs_30_mps,station_vs_30_detail,source_origin_time,source_latitude_deg,source_longitude_deg,source_depth_km,source_origin_uncertainty_s,source_latitude_uncertainty_deg,source_longitude_uncertainty_deg,source_depth_uncertainty_km,source_stderror_s,source_gap_deg,source_horizontal_uncertainty_km,source_magnitude,source_magnitude_type,source_mt_eval_mode,source_mt_status,source_mt_scalar_moment,source_mechanism_strike_dip_rake,source_mechanism_moment_tensor,path_travel_time_P_s,path_travel_time_S_s,path_residual_P_s,path_residual_S_s,path_ep_distance_km,path_hyp_distance_km,path_azimuth_deg,path_backazimuth_deg,path_weight_phase_location_P,path_weight_phase_location_S,trace_start_time,trace_dt_s,trace_npts,trace_eval_P,trace_P_uncertainty_s,trace_P_arrival_time,trace_polarity,trace_eval_S,trace_S_uncertainty_s,trace_S_arrival_time,trace_P_arrival_sample,trace_S_arrival_sample,trace_E_median_counts,trace_N_median_counts,trace_Z_median_counts,trace_E_mean_counts,trace_N_mean_counts,trace_Z_mean_counts,trace_E_min_counts,trace_N_min_counts,trace_Z_min_counts,trace_E_max_counts,trace_N_max_counts,trace_Z_max_counts,trace_E_rms_counts,trace_N_rms_counts,trace_Z_rms_counts,trace_E_lower_quartile_counts,trace_N_lower_quartile_counts,trace_Z_lower_quartile_counts,trace_E_upper_quartile_counts,trace_N_upper_quartile_counts,trace_Z_upper_quartile_counts,trace_E_spikes,trace_N_spikes,trace_Z_spikes,trace_E_snr_db,trace_N_snr_db,trace_Z_snr_db,trace_E_pga_cmps2,trace_E_pgv_cmps,trace_E_pga_perc,trace_E_pga_time,trace_E_pgv_time,trace_E_sa03_cmps2,trace_E_sa10_cmps2,trace_E_sa30_cmps2,trace_N_pga_cmps2,trace_N_pgv_cmps,trace_N_pga_perc,trace_N_pga_time,trace_N_pgv_time,trace_N_sa03_cmps2,trace_N_sa10_cmps2,trace_N_sa30_cmps2,trace_Z_pga_cmps2,trace_Z_pgv_cmps,trace_Z_pga_perc,trace_Z_pga_time,trace_Z_pgv_time,trace_Z_sa03_cmps2,trace_Z_sa10_cmps2,trace_Z_sa30_cmps2,trace_pga_cmps2,trace_pgv_cmps,trace_pga_perc,trace_sa03_cmps2,trace_sa10_cmps2,trace_sa30_cmps2,trace_name,trace_GPD_P_number,trace_GPD_S_number,trace_EQT_number_detections,trace_EQT_P_number,trace_EQT_S_number,trace_deconvolved_units,source_type
0,0,10000541,MN,AQU,,HH,42.354,13.405,710.0,485.0,Vs30 extracted from ShakeMap,2016-11-16T01:35:56.21Z,42.7592,13.1932,10.3,0.03,0.0018,0.0024,0.2,0.19,44.0,0.24,2.1,ML,,,,,,8.9,15.78,-0.06,0.29,48.255,49.342,158.8,338.9,94.0,45.0,2016-11-16T01:35:48.20Z,0.01,12000,manual,0.1,2016-11-16T01:36:05.11Z,undecidable,manual,0.6,2016-11-16T01:36:11.99Z,1691,2379.0,31.0,-18.0,-4.0,-0.04558,0.03583,0.01883,-983.0,-1206.0,-603.0,952.0,1188.0,510.0,210.944,232.536,106.85,-144.0,-159.0,-70.0,147.0,156.0,70.0,0.0,0.0,0.0,5.184,8.389,4.641,0.00846611,0.0001343,0.0008633,2016-11-16T01:37:29.256593Z,2016-11-16T01:36:13.606593Z,0.0005691556,7.13432e-05,1.88049e-05,0.01179115,0.00015847,0.00120236,2016-11-16T01:37:28.956593Z,2016-11-16T01:37:28.996593Z,0.0008119799,6.01409e-05,1.91573e-05,0.00639522,7.666e-05,0.00065213,2016-11-16T01:37:28.946593Z,2016-11-16T01:36:16.106593Z,0.0003722796,5.69823e-05,1.35002e-05,0.01179114,0.00015847,0.00120236,0.0008119798,7.13432e-05,1.91573e-05,10000541.MN.AQU..HH,1.0,1.0,1.0,1.0,1.0,mps,earthquake
1,1,10000541,MN,AQU,,HL,42.354,13.405,710.0,485.0,Vs30 extracted from ShakeMap,2016-11-16T01:35:56.21Z,42.7592,13.1932,10.3,0.03,0.0018,0.0024,0.2,0.19,44.0,0.24,2.1,ML,,,,,,8.9,15.78,-0.06,0.29,48.255,49.342,158.8,338.9,94.0,45.0,2016-11-16T01:35:47.56Z,0.01,12000,manual,0.1,2016-11-16T01:36:05.11Z,undecidable,manual,0.6,2016-11-16T01:36:11.99Z,1755,2443.0,0.0,0.0,0.0,-0.02458,0.019,-0.04508,-55.0,-74.0,-51.0,63.0,76.0,53.0,6.208,6.372,5.07,-3.0,-3.0,-3.0,3.0,3.0,3.0,0.0,0.0,0.0,6.838,8.383,3.838,0.00929238,0.00080825,0.00094756,2016-11-16T01:37:29.236593Z,2016-11-16T01:36:09.286593Z,0.0004421587,0.0001351228,4.58777e-05,0.01309785,0.00037383,0.00133561,2016-11-16T01:37:28.986593Z,2016-11-16T01:36:15.956593Z,0.0008355594,0.0001136328,4.95397e-05,0.00703954,0.00069901,0.00071783,2016-11-16T01:37:30.086593Z,2016-11-16T01:36:49.076593Z,0.0002636864,0.0001082342,5.37385e-05,0.01309785,0.00080825,0.00133561,0.0008355594,0.0001351228,4.95397e-05,10000541.MN.AQU..HL,,,,,,mps2,earthquake
2,2,10000541,IV,ARRO,,EH,42.57917,12.76567,253.0,549.0,Vs30 extracted from ShakeMap,2016-11-16T01:35:56.21Z,42.7592,13.1932,10.3,0.03,0.0018,0.0024,0.2,0.19,44.0,0.24,2.1,ML,,,,,,7.77,13.14,0.05,-0.22,40.352,41.646,240.4,60.1,96.0,47.0,2016-11-16T01:35:45.66Z,0.01,12000,manual,0.1,2016-11-16T01:36:03.98Z,positive,manual,0.6,2016-11-16T01:36:09.35Z,1832,2369.0,0.0,0.0,-3.0,-0.01375,0.04325,0.03142,-1558.0,-1407.0,-1124.0,1456.0,1447.0,1100.0,119.75,116.18,98.521,-37.0,-37.0,-37.0,36.0,36.0,37.0,0.0,0.0,0.0,24.951,20.084,16.685,0.01671418,0.00032959,0.00170437,2016-11-16T01:36:11.030000Z,2016-11-16T01:36:11.010000Z,0.0008706549,4.59196e-05,2.21168e-05,0.01840413,0.00033825,0.0018767,2016-11-16T01:36:10.780000Z,2016-11-16T01:36:10.750000Z,0.0008617418,4.53105e-05,1.70883e-05,0.01413821,0.00028292,0.0014417,2016-11-16T01:36:10.810000Z,2016-11-16T01:36:11.430000Z,0.0006766932,3.44453e-05,2.07112e-05,0.01840413,0.00033825,0.0018767,0.0008706549,4.59196e-05,2.21168e-05,10000541.IV.ARRO..EH,2.0,1.0,1.0,1.0,1.0,mps,earthquake
3,3,10000541,IV,ASSB,,HH,43.0426,12.6587,734.0,412.0,Vs30 extracted from ShakeMap,2016-11-16T01:35:56.21Z,42.7592,13.1932,10.3,0.03,0.0018,0.0024,0.2,0.19,44.0,0.24,2.1,ML,,,,,,9.7,17.01,-0.15,-0.03,53.822,54.799,306.0,125.6,92.0,70.0,2016-11-16T01:35:46.57Z,0.01,12000,manual,0.1,2016-11-16T01:36:05.91Z,undecidable,manual,0.3,2016-11-16T01:36:13.22Z,1934,2665.0,107.5,-11.5,0.0,-0.03308,0.00233,0.00125,-31782.0,-35941.0,-20009.0,38282.0,36595.0,22204.0,2754.202,2793.926,1951.761,-893.0,-796.0,-589.0,864.25,864.0,602.0,0.0,0.0,0.0,25.694,26.031,18.584,0.02530449,0.00038379,0.00258034,2016-11-16T01:36:14.834400Z,2016-11-16T01:36:14.824400Z,0.0012662479,6.10745e-05,1.35667e-05,0.03053936,0.0003895,0.00311415,2016-11-16T01:36:15.014399Z,2016-11-16T01:36:15.074399Z,0.0014002824,6.82975e-05,1.47641e-05,0.01547665,0.00026795,0.00157818,2016-11-16T01:36:14.534400Z,2016-11-16T01:36:14.514400Z,0.0011104251,3.80907e-05,1.2542e-05,0.03053936,0.0003895,0.00311415,0.0014002825,6.82975e-05,1.47641e-05,10000541.IV.ASSB..HH,1.0,7.0,1.0,1.0,1.0,mps,earthquake
4,4,10000541,IV,ATCC,,EH,43.18514,12.63994,557.0,667.0,Vs30 extracted from ShakeMap,2016-11-16T01:35:56.21Z,42.7592,13.1932,10.3,0.03,0.0018,0.0024,0.2,0.19,44.0,0.24,2.1,ML,,,,,,11.74,19.66,0.17,-0.37,65.392,66.198,316.5,136.2,90.0,65.0,2016-11-16T01:35:49.66Z,0.01,12000,manual,0.1,2016-11-16T01:36:07.95Z,positive,manual,0.3,2016-11-16T01:36:15.87Z,1828,2621.0,-3.0,-1.0,0.0,0.05975,-0.02017,0.03817,-1296.0,-1195.0,-585.0,1022.0,1136.0,510.0,109.755,101.138,70.56,-45.0,-38.0,-36.0,45.0,38.0,37.0,0.0,0.0,0.0,18.377,25.554,16.257,0.00985171,0.0002404,0.00100459,2016-11-16T01:36:18.560000Z,2016-11-16T01:36:17.630000Z,0.001215751,4.91056e-05,1.97272e-05,0.01033636,0.00024193,0.00105402,2016-11-16T01:36:18.860000Z,2016-11-16T01:36:18.070000Z,0.0013387494,5.7025e-05,2.82292e-05,0.005744,0.00011419,0.00058572,2016-11-16T01:36:08.110000Z,2016-11-16T01:36:17.980000Z,0.0007538505,4.47337e-05,2.27938e-05,0.01033636,0.00024193,0.00105402,0.0013387494,5.7025e-05,2.82292e-05,10000541.IV.ATCC..EH,1.0,3.0,1.0,1.0,1.0,mps,earthquake
5,5,10000541,IV,ATCC,,HN,43.18514,12.63994,557.0,667.0,Vs30 extracted from ShakeMap,2016-11-16T01:35:56.21Z,42.7592,13.1932,10.3,0.03,0.0018,0.0024,0.2,0.19,44.0,0.24,2.1,ML,,,,,,11.74,19.66,0.17,-0.37,65.392,66.198,316.5,136.2,90.0,65.0,2016-11-16T01:35:50.24Z,0.01,12000,manual,0.1,2016-11-16T01:36:07.95Z,positive,manual,0.3,2016-11-16T01:36:15.87Z,1771,2563.0,0.0,0.0,0.0,8e-05,-0.00325,0.00192,-35.0,-37.0,-20.0,30.0,28.0,21.0,3.065,3.113,2.435,-1.0,-1.0,-1.0,1.0,1.0,1.0,0.0,0.0,0.0,15.15,13.444,7.926,0.01010151,0.00032052,0.00103007,2016-11-16T01:36:19.130000Z,2016-11-16T01:37:00.760000Z,0.0010788207,0.0001484867,6.84048e-05,0.01073558,0.00050983,0.00109472,2016-11-16T01:36:18.880000Z,2016-11-16T01:36:17.410000Z,0.0012808406,0.0002802008,8.89204e-05,0.00750656,0.00028966,0.00076546,2016-11-16T01:36:08.120000Z,2016-11-16T01:36:18.990000Z,0.0007114892,0.0001190248,5.57321e-05,0.01073558,0.00050983,0.00109472,0.0012808406,0.0002802008,8.89204e-05,10000541.IV.ATCC..HN,,,,,,mps2,earthquake
6,6,10000541,IV,CAMP,,HH,42.53578,13.409,1283.0,517.0,Vs30 extracted from ShakeMap,2016-11-16T01:35:56.21Z,42.7592,13.1932,10.3,0.03,0.0018,0.0024,0.2,0.19,44.0,0.24,2.1,ML,,,,,,6.19,10.53,-0.02,-0.22,30.482,32.175,144.4,324.6,99.0,71.0,2016-11-16T01:35:45.14Z,0.01,12000,manual,0.1,2016-11-16T01:36:02.40Z,positive,manual,0.3,2016-11-16T01:36:06.74Z,1726,2160.0,3.0,-4.0,2.0,-0.02208,0.02483,-0.01783,-1880.0,-893.0,-1259.0,1850.0,1516.0,1294.0,104.27,97.017,85.736,-42.0,-51.0,-33.0,47.0,43.0,33.0,0.0,0.0,0.0,17.329,16.827,20.449,0.02146025,0.00045726,0.00218834,2016-11-16T01:36:07.190200Z,2016-11-16T01:36:07.230200Z,0.0017980065,7.41901e-05,2.27114e-05,0.0142861,0.00035812,0.00145678,2016-11-16T01:36:07.140100Z,2016-11-16T01:36:07.170100Z,0.0009974314,8.14522e-05,1.68142e-05,0.01503256,0.00029328,0.00153289,2016-11-16T01:36:07.180100Z,2016-11-16T01:36:07.580100Z,0.0007128434,5.55609e-05,1.60743e-05,0.02146025,0.00045726,0.00218834,0.0017980064,8.14522e-05,2.27114e-05,10000541.IV.CAMP..HH,1.0,4.0,1.0,1.0,1.0,mps,earthquake
7,7,10000541,IV,CESI,,HH,43.0049,12.9046,840.0,318.0,Vs30 extracted from ShakeMap,2016-11-16T01:35:56.21Z,42.7592,13.1932,10.3,0.03,0.0018,0.0024,0.2,0.19,44.0,0.24,2.1,ML,,,,,,7.1,12.3,0.04,0.07,36.068,37.51,319.3,139.1,97.0,73.0,2016-11-16T01:35:47.42Z,0.01,12000,manual,0.1,2016-11-16T01:36:03.31Z,negative,manual,0.3,2016-11-16T01:36:08.51Z,1589,2109.0,10.0,10.0,-7.0,-0.01392,-0.01733,0.01617,-17291.0,-18823.0,-8404.0,9559.0,20290.0,6625.0,737.889,1027.114,449.321,-191.0,-188.0,-124.25,207.0,206.0,116.0,0.0,0.0,0.0,23.7,25.764,23.596,0.0732877,0.00144823,0.00747327,2016-11-16T01:36:09.220200Z,2016-11-16T01:36:09.210200Z,0.0032711873,0.0001547975,2.10802e-05,0.07073831,0.00172036,0.0072133,2016-11-16T01:36:09.340000Z,2016-11-16T01:36:08.670000Z,0.0079971204,0.0003646709,3.72119e-05,0.03884108,0.00072646,0.00396069,2016-11-16T01:36:08.940000Z,2016-11-16T01:36:08.920000Z,0.0016361898,0.0001402385,1.62822e-05,0.0732877,0.00172036,0.00747327,0.007997121,0.0003646709,3.72119e-05,10000541.IV.CESI..HH,1.0,6.0,1.0,1.0,1.0,mps,earthquake
8,8,10000541,IV,CESX,,HH,42.608486,12.58676,380.0,669.0,Vs30 extracted from ShakeMap,2016-11-16T01:35:56.21Z,42.7592,13.1932,10.3,0.03,0.0018,0.0024,0.2,0.19,44.0,0.24,2.1,ML,,,,,,9.52,16.3,-0.05,-0.27,52.446,53.448,251.6,71.2,94.0,45.0,2016-11-16T01:35:45.72Z,0.01,12000,manual,0.1,2016-11-16T01:36:05.73Z,positive,manual,0.6,2016-11-16T01:36:12.51Z,2001,2679.0,0.0,-1.0,0.0,0.00525,0.01517,0.0065,-577.0,-560.0,-330.0,430.0,755.0,448.0,60.068,69.527,44.579,-35.0,-37.0,-26.0,31.0,32.0,25.0,0.0,0.0,0.0,13.169,14.527,12.723,0.00594414,0.00013727,0.00060613,2016-11-16T01:36:15.410300Z,2016-11-16T01:36:15.040300Z,0.0006147808,5.59702e-05,1.77316e-05,0.00632225,0.00017624,0.00064469,2016-11-16T01:36:14.950000Z,2016-11-16T01:36:14.980000Z,0.0008369705,3.30821e-05,1.20364e-05,0.00466983,0.0001014,0.00047619,2016-11-16T01:36:14.260000Z,2016-11-16T01:36:15.700000Z,0.0002038103,2.7634e-05,1.43312e-05,0.00632225,0.00017624,0.00064469,0.0008369705,5.59702e-05,1.77316e-05,10000541.IV.CESX..HH,1.0,1.0,1.0,1.0,1.0,mps,earthquake
9,9,10000541,IV,CSP1,,EH,43.091833,13.204833,1188.0,672.0,Vs30 extracted from ShakeMap,2016-11-16T01:35:56.21Z,42.7592,13.1932,10.3,0.03,0.0018,0.0024,0.2,0.19,44.0,0.24,2.1,ML,,,,,,7.36,12.84,0.15,0.36,36.965,38.373,1.5,181.5,95.0,68.0,2016-11-16T01:35:43.56Z,0.01,12000,manual,0.1,2016-11-16T01:36:03.57Z,positive,manual,0.3,2016-11-16T01:36:09.05Z,2001,2549.0,0.0,0.0,0.0,0.0485,-0.13858,-0.12358,-2390.0,-2441.0,-1608.0,2398.0,4203.0,1362.0,174.631,197.999,110.531,-22.0,-23.0,-13.0,22.0,22.0,14.0,0.0,0.0,0.0,33.538,33.775,32.173,0.03408338,0.00054143,0.00347554,2016-11-16T01:36:10.290200Z,2016-11-16T01:36:10.310200Z,0.0012998135,9.0911e-05,4.49339e-05,0.03204925,0.00081053,0.00326811,2016-11-16T01:36:11.180000Z,2016-11-16T01:36:09.680000Z,0.0018319746,0.0001716087,5.3445e-05,0.02290274,0.00033692,0.00233543,2016-11-16T01:36:09.780200Z,2016-11-16T01:36:04.460200Z,0.0008685186,6.75636e-05,4.33016e-05,0.03408338,0.00081053,0.00347554,0.0018319746,0.0001716087,5.3445e-05,10000541.IV.CSP1..EH,3.0,6.0,1.0,1.0,1.0,mps,earthquake
10,10,10000541,IV,EL6,,EH,43.329333,13.101667,978.0,634.0,Vs30 extracted from ShakeMap,2016-11-16T01:35:56.21Z,42.7592,13.1932,10.3,0.03,0.0018,0.0024,0.2,0.19,44.0,0.24,2.1,ML,,,,,,11.51,19.32,0.17,-0.31,63.776,64.602,353.3,173.3,90.0,66.0,2016-11-16T01:35:50.18Z,0.01,12000,manual,0.1,2016-11-16T01:36:07.72Z,undecidable,manual,0.3,2016-11-16T01:36:15.53Z,1753,2535.0,0.0,0.0,0.0,-0.12725,0.00183,-0.01967,-1276.0,-1588.0,-699.0,1182.0,1225.0,530.0,114.709,114.381,54.983,-20.0,-18.0,-14.0,19.0,17.0,14.0,0.0,0.0,0.0,27.266,30.86,24.165,0.01523951,0.00027759,0.001554,2016-11-16T01:36:18.290200Z,2016-11-16T01:36:20.620200Z,0.0007596644,5.61322e-05,4.37251e-05,0.01546666,0.00047592,0.00157716,2016-11-16T01:36:18.780000Z,2016-11-16T01:36:20.310000Z,0.0010749892,8.0578e-05,5.62699e-05,0.00736621,0.00020921,0.00075114,2016-11-16T01:36:17.750000Z,2016-11-16T01:37:22.600000Z,0.0004181867,5.23999e-05,4.76422e-05,0.01546666,0.00047592,0.00157716,0.0010749892,8.0578e-05,5.62699e-05,10000541.IV.EL6..EH,1.0,4.0,1.0,1.0,1.0,mps,earthquake
11,11,10000541,IV,FDMO,,HH,43.0365,13.0873,550.0,580.0,Vs30 extracted from ShakeMap,2016-11-16T01:35:56.21Z,42.7592,13.1932,10.3,0.03,0.0018,0.0024,0.2,0.19,44.0,0.24,2.1,ML,,,,,,6.13,10.89,-0.31,-0.27,31.997,33.614,344.4,164.3,93.0,70.0,2016-11-16T01:35:43.70Z,0.01,12000,manual,0.1,2016-11-16T01:36:02.34Z,undecidable,manual,0.3,2016-11-16T01:36:07.10Z,1864,2340.0,173.0,326.5,2.0,-0.07483,-0.05717,-0.01867,-4129.0,-4293.0,-2532.0,2916.0,4705.0,2519.0,710.834,1571.464,202.782,-563.0,-1353.0,-50.0,433.0,1042.0,50.0,0.0,0.0,0.0,16.151,9.453,19.961,0.0278573,0.00057188,0.00284065,2016-11-16T01:36:08.460000Z,2016-11-16T01:36:08.470000Z,0.0017687835,6.56e-05,1.19601e-05,0.03358513,0.00061835,0.00342473,2016-11-16T01:36:08.620000Z,2016-11-16T01:37:23.170000Z,0.0021284922,6.46828e-05,2.91102e-05,0.02429359,0.00045431,0.00247726,2016-11-16T01:36:09.290000Z,2016-11-16T01:36:09.270000Z,0.0016146233,8.04077e-05,1.73301e-05,0.03358513,0.00061835,0.00342473,0.0021284923,6.56e-05,2.91102e-05,10000541.IV.FDMO..HH,4.0,6.0,2.0,2.0,2.0,mps,earthquake
12,12,10000541,IV,FIAM,,HH,42.26802,13.11718,1070.0,853.0,Vs30 extracted from ShakeMap,2016-11-16T01:35:56.21Z,42.7592,13.1932,10.3,0.03,0.0018,0.0024,0.2,0.19,44.0,0.24,2.1,ML,,,,,,10.03,17.5,0.06,0.23,54.918,55.876,186.6,6.5,94.0,45.0,2016-11-16T01:35:47.56Z,0.01,12000,manual,0.1,2016-11-16T01:36:06.24Z,positive,manual,0.6,2016-11-16T01:36:13.71Z,1868,2615.0,-30.5,-13.5,0.0,0.052,0.00925,-0.00117,-900.0,-697.0,-509.0,621.0,813.0,293.0,296.563,399.891,153.584,-141.0,-352.25,-80.0,248.0,338.0,101.25,0.0,0.0,0.0,7.226,4.188,9.592,0.00329709,9.154e-05,0.00033621,2016-11-16T01:36:15.310000Z,2016-11-16T01:35:52.810000Z,0.0002810641,2.91454e-05,1.8279e-05,0.00302926,8.968e-05,0.0003089,2016-11-16T01:36:15.420000Z,2016-11-16T01:37:42.620000Z,0.0001809044,3.00665e-05,1.97263e-05,0.00305362,5.758e-05,0.00031138,2016-11-16T01:36:15.210000Z,2016-11-16T01:37:43.140000Z,0.0001962978,1.50895e-05,1.88988e-05,0.00329709,9.154e-05,0.00033621,0.0002810641,3.00665e-05,1.97263e-05,10000541.IV.FIAM..HH,2.0,2.0,1.0,1.0,1.0,mps,earthquake
13,13,10000541,IV,FIAM,,HN,42.26802,13.11718,1070.0,853.0,Vs30 extracted from ShakeMap,2016-11-16T01:35:56.21Z,42.7592,13.1932,10.3,0.03,0.0018,0.0024,0.2,0.19,44.0,0.24,2.1,ML,,,,,,10.03,17.5,0.06,0.23,54.918,55.876,186.6,6.5,94.0,45.0,2016-11-16T01:35:45.91Z,0.01,12000,manual,0.1,2016-11-16T01:36:06.24Z,positive,manual,0.6,2016-11-16T01:36:13.71Z,2032,2780.0,0.0,0.0,0.0,0.01725,-0.00558,0.01933,-12.0,-13.0,-15.0,16.0,10.0,14.0,0.956,0.939,1.135,0.0,0.0,0.0,0.0,0.0,0.0,0.0,1.0,1.0,13.16,14.352,13.345,0.003451,0.00042263,0.0003519,2016-11-16T01:36:15.310000Z,2016-11-16T01:36:58.970000Z,0.0002229991,3.94443e-05,3.49425e-05,0.00320143,0.00047539,0.00032646,2016-11-16T01:36:15.410000Z,2016-11-16T01:36:18.590000Z,0.0001834819,4.13934e-05,2.65728e-05,0.00355983,0.00068986,0.000363,2016-11-16T01:36:15.210000Z,2016-11-16T01:36:14.780000Z,0.000185974,4.99106e-05,3.95823e-05,0.003451,0.00047539,0.0003519,0.0002229991,4.13934e-05,3.49425e-05,10000541.IV.FIAM..HN,,,,,,mps2,earthquake
14,14,10000541,IV,GIGS,,HH,42.453167,13.572833,960.0,509.0,Vs30 extracted from ShakeMap,2016-11-16T01:35:56.21Z,42.7592,13.1932,10.3,0.03,0.0018,0.0024,0.2,0.19,44.0,0.24,2.1,ML,,,,,,8.4,14.87,-0.21,-0.03,46.111,47.247,137.4,317.6,92.0,72.0,2016-11-16T01:35:46.10Z,0.01,12000,manual,0.1,2016-11-16T01:36:04.61Z,undecidable,manual,0.3,2016-11-16T01:36:11.08Z,1851,2498.0,-3.0,52.0,1.0,0.03167,-0.11642,-0.017,-569.0,-518.0,-439.0,714.0,730.0,382.0,66.183,143.061,52.162,-38.0,-119.0,-30.0,27.0,107.0,30.0,0.0,0.0,0.0,20.452,8.386,10.746,0.00922782,0.00013128,0.00094098,2016-11-16T01:36:13.250000Z,2016-11-16T01:36:13.230000Z,0.0002036529,1.6859e-05,9.8223e-06,0.01023529,0.0001339,0.00104371,2016-11-16T01:36:11.600200Z,2016-11-16T01:36:11.620200Z,0.0002046453,2.21499e-05,1.23015e-05,0.00637198,0.00010418,0.00064976,2016-11-16T01:36:12.310000Z,2016-11-16T01:36:12.280000Z,0.0001733128,1.68007e-05,1.90554e-05,0.01023529,0.0001339,0.00104371,0.0002046453,2.21499e-05,1.23015e-05,10000541.IV.GIGS..HH,1.0,3.0,1.0,1.0,1.0,mps,earthquake
15,15,10000541,IV,GUMA,,HH,43.0627,13.3352,574.0,585.0,Vs30 extracted from ShakeMap,2016-11-16T01:35:56.21Z,42.7592,13.1932,10.3,0.03,0.0018,0.0024,0.2,0.19,44.0,0.24,2.1,ML,,,,,,7.51,12.12,0.5,-0.01,35.654,37.112,18.9,199.0,88.0,73.0,2016-11-16T01:35:43.46Z,0.01,12000,manual,0.1,2016-11-16T01:36:03.72Z,undecidable,manual,0.3,2016-11-16T01:36:08.33Z,2026,2487.0,-12.0,18.0,-1.0,0.02425,-0.052,0.00708,-7342.0,-5006.0,-3355.0,8911.0,3976.0,2653.0,437.003,316.763,187.643,-142.0,-90.0,-64.0,125.0,113.0,66.0,0.0,0.0,0.0,21.563,21.157,19.235,0.06890716,0.00222284,0.00702658,2016-11-16T01:36:09.740200Z,2016-11-16T01:36:09.710200Z,0.0101136958,0.0003754503,4.97809e-05,0.03348444,0.00123919,0.00341446,2016-11-16T01:36:09.940000Z,2016-11-16T01:36:09.660000Z,0.0051885782,0.0002024381,2.71447e-05,0.02695682,0.00081657,0.00274883,2016-11-16T01:36:09.940000Z,2016-11-16T01:36:09.980000Z,0.0050861739,0.0001635051,2.40869e-05,0.06890716,0.00222284,0.00702658,0.010113696,0.0003754503,4.97809e-05,10000541.IV.GUMA..HH,1.0,3.0,1.0,1.0,1.0,mps,earthquake
16,16,10000541,IV,GUMA,,HN,43.0627,13.3352,574.0,585.0,Vs30 extracted from ShakeMap,2016-11-16T01:35:56.21Z,42.7592,13.1932,10.3,0.03,0.0018,0.0024,0.2,0.19,44.0,0.24,2.1,ML,,,,,,7.51,12.12,0.5,-0.01,35.654,37.112,18.9,199.0,88.0,73.0,2016-11-16T01:35:42.98Z,0.01,12000,manual,0.1,2016-11-16T01:36:03.72Z,undecidable,manual,0.3,2016-11-16T01:36:08.33Z,2075,2536.0,0.0,0.0,0.0,-0.00233,-0.00675,-0.00283,-149.0,-144.0,-127.0,137.0,167.0,100.0,11.22,14.56,8.616,-6.0,-7.0,-2.0,6.0,7.0,2.0,0.0,0.0,0.0,15.54,11.935,18.639,0.04194417,0.00227079,0.00427712,2016-11-16T01:36:09.695300Z,2016-11-16T01:36:11.865300Z,0.0064932229,0.0002572033,0.0002488883,0.05069966,0.00156592,0.00516993,2016-11-16T01:36:09.955300Z,2016-11-16T01:36:09.685300Z,0.0071596687,0.0006192495,0.0001237152,0.03665306,0.00103812,0.00373757,2016-11-16T01:36:09.975300Z,2016-11-16T01:36:10.005300Z,0.0058359244,0.0002729169,6.29542e-05,0.05069966,0.00227079,0.00516993,0.007159669,0.0006192496,0.0002488882,10000541.IV.GUMA..HN,,,,,,mps2,earthquake
17,17,10000541,IV,LNSS,,HH,42.60286,13.04032,1155.0,569.0,Vs30 extracted from ShakeMap,2016-11-16T01:35:56.21Z,42.7592,13.1932,10.3,0.03,0.0018,0.0024,0.2,0.19,44.0,0.24,2.1,ML,,,,,,4.93,8.27,0.17,0.03,21.416,23.764,215.9,35.8,97.0,100.0,2016-11-16T01:35:42.48Z,0.01,12000,manual,0.1,2016-11-16T01:36:01.14Z,undecidable,manual,0.1,2016-11-16T01:36:04.48Z,1866,2200.0,26.0,-158.0,-45.0,-0.04442,0.095,0.049,-9193.0,-24800.0,-13839.0,9589.0,28532.0,13221.0,611.123,1637.197,879.387,-152.0,-505.0,-245.0,171.0,398.0,222.25,0.0,0.0,0.0,29.016,23.454,29.509,0.03645474,0.00079162,0.00371735,2016-11-16T01:36:05.280200Z,2016-11-16T01:36:05.690200Z,0.0029670714,0.0001079235,1.14941e-05,0.12452439,0.00232236,0.01269795,2016-11-16T01:36:05.140000Z,2016-11-16T01:36:05.110000Z,0.0049408477,0.0002154299,2.78485e-05,0.05232186,0.00114088,0.00533535,2016-11-16T01:36:05.280000Z,2016-11-16T01:36:05.690000Z,0.0042771744,0.0001527722,1.56603e-05,0.12452439,0.00232236,0.01269795,0.004940848,0.0002154299,2.78485e-05,10000541.IV.LNSS..HH,1.0,6.0,1.0,1.0,1.0,mps,earthquake
18,18,10000541,IV,MMO1,,HN,42.899333,13.326833,957.0,668.0,Vs30 extracted from ShakeMap,2016-11-16T01:35:56.21Z,42.7592,13.1932,10.3,0.03,0.0018,0.0024,0.2,0.19,44.0,0.24,2.1,ML,,,,,,4.43,7.45,0.02,-0.17,19.019,21.629,35.0,215.1,100.0,73.0,2016-11-16T01:35:45.00Z,0.01,12000,manual,0.1,2016-11-16T01:36:00.64Z,negative,manual,0.3,2016-11-16T01:36:03.66Z,1564,1866.0,-0.5,0.0,0.0,-0.0025,-0.0095,-0.00692,-2169.0,-281.0,-183.0,2091.0,311.0,127.0,1163.627,40.147,12.546,-824.0,-28.0,-5.0,826.0,25.0,6.0,0.0,0.0,0.0,0.299,7.949,14.14,0.11531774,0.00405106,0.01175914,2016-11-16T01:36:04.220000Z,2016-11-16T01:37:02.310000Z,0.002824268,0.0007785016,0.0004890794,0.15083316,0.00687491,0.0153807,2016-11-16T01:36:04.500200Z,2016-11-16T01:36:52.880200Z,0.0049001034,0.0012281478,0.0007496052,0.07399797,0.01933581,0.00754569,2016-11-16T01:36:04.070000Z,2016-11-16T01:36:42.040000Z,0.0033927109,0.0017589419,0.0015149606,0.15083316,0.00687491,0.0153807,0.0049001034,0.0012281478,0.0007496052,10000541.IV.MMO1..HN,,,,,,mps2,earthquake
19,19,10000541,IV,NRCA,,HH,42.83355,13.11427,927.0,591.0,Vs30 measured on field,2016-11-16T01:35:56.21Z,42.7592,13.1932,10.3,0.03,0.0018,0.0024,0.2,0.19,44.0,0.24,2.1,ML,,,,,,3.08,4.78,0.13,-0.32,10.484,14.697,322.0,142.0,100.0,72.0,2016-11-16T01:35:39.03Z,0.01,12000,manual,0.1,2016-11-16T01:35:59.29Z,positive,manual,0.3,2016-11-16T01:36:00.99Z,2026,2196.0,-19.0,16.0,-2.0,0.0175,-0.02117,0.00417,-170146.0,-146901.0,-158965.0,205400.0,149713.0,108995.0,9069.906,7500.928,6165.614,-325.0,-266.0,-179.0,263.0,225.0,187.0,0.0,0.0,0.0,42.708,40.42,42.009,1.33097961,0.01757327,0.13572215,2016-11-16T01:36:01.530000Z,2016-11-16T01:36:01.140000Z,0.0218903618,0.0011978688,0.00012945,1.0104482,0.01317297,0.10303704,2016-11-16T01:36:01.500200Z,2016-11-16T01:36:01.490200Z,0.0134998256,0.0011583808,0.0001308294,0.9604405,0.01131177,0.09793767,2016-11-16T01:35:59.290200Z,2016-11-16T01:35:59.300200Z,0.0074372276,0.0005762881,6.49129e-05,1.3309796,0.01757327,0.13572215,0.02189036,0.0011978688,0.0001308294,10000541.IV.NRCA..HH,2.0,9.0,1.0,1.0,1.0,mps,earthquake
20,20,10000541,IV,NRCA,,HN,42.83355,13.11427,927.0,591.0,Vs30 measured on field,2016-11-16T01:35:56.21Z,42.7592,13.1932,10.3,0.03,0.0018,0.0024,0.2,0.19,44.0,0.24,2.1,ML,,,,,,3.08,4.78,0.13,-0.32,10.484,14.697,322.0,142.0,100.0,72.0,2016-11-16T01:35:39.43Z,0.01,12000,manual,0.1,2016-11-16T01:35:59.29Z,positive,manual,0.3,2016-11-16T01:36:00.99Z,1986,2156.0,0.0,0.0,0.0,0.00167,-0.0075,-0.00233,-3751.0,-3184.0,-2975.0,3696.0,3324.0,2870.0,158.306,151.648,141.624,-14.0,-13.0,-4.0,14.0,13.0,4.0,0.0,0.0,1.0,35.168,35.268,41.085,1.18761325,0.01438135,0.12110285,2016-11-16T01:36:01.550200Z,2016-11-16T01:36:01.160200Z,0.0204317867,0.0010971916,0.0001414893,1.06745364,0.0097091,0.10884998,2016-11-16T01:36:01.520000Z,2016-11-16T01:36:01.500000Z,0.0122580072,0.0013310861,0.0001262343,1.0416142,0.00909538,0.10621509,2016-11-16T01:35:59.310000Z,2016-11-16T01:35:59.320000Z,0.0066762831,0.0005845305,9.20701e-05,1.1876132,0.01438135,0.12110285,0.020431787,0.0013310862,0.0001414893,10000541.IV.NRCA..HN,,,,,,mps2,earthquake
21,22,10000541,IV,RM33,,EH,42.50898,13.21452,1097.0,721.0,Vs30 extracted from ShakeMap,2016-11-16T01:35:56.21Z,42.7592,13.1932,10.3,0.03,0.0018,0.0024,0.2,0.19,44.0,0.24,2.1,ML,,,,,,5.88,9.89,0.08,-0.14,27.851,29.694,176.4,356.4,98.0,72.0,2016-11-16T01:35:43.39Z,0.01,12000,manual,0.1,2016-11-16T01:36:02.09Z,undecidable,manual,0.3,2016-11-16T01:36:06.10Z,1870,2271.0,0.0,3.0,1.0,-0.22792,-0.02283,-0.02733,-2436.0,-2402.0,-2457.0,2534.0,2654.0,2297.0,189.083,199.727,132.329,-40.0,-38.0,-29.0,38.0,40.0,28.0,0.0,0.0,0.0,25.79,27.475,27.694,0.04369722,0.00054586,0.00445588,2016-11-16T01:36:07.870200Z,2016-11-16T01:36:07.030200Z,0.0012961426,9.35312e-05,1.67445e-05,0.0347008,0.00054958,0.0035385,2016-11-16T01:36:07.650000Z,2016-11-16T01:36:07.560000Z,0.0012463802,7.21732e-05,1.78082e-05,0.03521083,0.00049385,0.00359051,2016-11-16T01:36:07.480200Z,2016-11-16T01:36:07.470200Z,0.0006066419,4.41277e-05,1.78036e-05,0.04369722,0.00054958,0.00445588,0.0012961426,9.35312e-05,1.78082e-05,10000541.IV.RM33..EH,2.0,7.0,2.0,2.0,2.0,mps,earthquake
22,23,10000541,IV,RM33,,HN,42.50898,13.21452,1097.0,721.0,Vs30 extracted from ShakeMap,2016-11-16T01:35:56.21Z,42.7592,13.1932,10.3,0.03,0.0018,0.0024,0.2,0.19,44.0,0.24,2.1,ML,,,,,,5.88,9.89,0.08,-0.14,27.851,29.694,176.4,356.4,98.0,72.0,2016-11-16T01:35:43.65Z,0.01,12000,manual,0.1,2016-11-16T01:36:02.09Z,undecidable,manual,0.3,2016-11-16T01:36:06.10Z,1844,2245.0,0.0,0.0,0.0,0.00542,0.00092,0.01033,-102.0,-122.0,-91.0,168.0,133.0,111.0,9.601,10.258,8.883,-3.0,-3.0,-3.0,3.0,3.0,3.0,0.0,0.0,0.0,14.265,17.476,12.843,0.05121554,0.00109152,0.00522253,2016-11-16T01:36:07.870000Z,2016-11-16T01:36:07.850000Z,0.00128381,0.0002525834,0.0001544312,0.04165699,0.00094824,0.00424783,2016-11-16T01:36:08.530000Z,2016-11-16T01:37:10.350000Z,0.001187472,0.0002390338,9.2084e-05,0.03943735,0.00069564,0.00402149,2016-11-16T01:36:07.480200Z,2016-11-16T01:37:24.470200Z,0.0009226338,0.00028498,0.0001069875,0.05121554,0.00109152,0.00522253,0.00128381,0.0002525834,0.0001544312,10000541.IV.RM33..HN,,,,,,mps2,earthquake
23,24,10000541,IV,SMA1,,EH,42.6305,13.3353,1150.0,579.0,Vs30 extracted from ShakeMap,2016-11-16T01:35:56.21Z,42.7592,13.1932,10.3,0.03,0.0018,0.0024,0.2,0.19,44.0,0.24,2.1,ML,,,,,,4.41,7.11,0.22,-0.13,18.439,21.121,140.8,320.9,96.0,73.0,2016-11-16T01:35:42.10Z,0.01,12000,manual,0.1,2016-11-16T01:36:00.62Z,undecidable,manual,0.3,2016-11-16T01:36:03.32Z,1852,2122.0,0.0,0.0,0.0,0.042,0.00667,-0.06717,-6154.0,-4738.0,-5048.0,5577.0,4965.0,4533.0,416.956,386.797,332.932,-47.0,-52.0,-38.0,50.0,52.0,42.0,0.0,0.0,0.0,29.712,31.766,31.654,0.06004277,0.00083696,0.00612266,2016-11-16T01:36:04.980000Z,2016-11-16T01:36:05.000000Z,0.0015679741,0.000183686,1.95515e-05,0.04496639,0.00069272,0.0045853,2016-11-16T01:36:04.790200Z,2016-11-16T01:36:04.770200Z,0.001800554,0.00021426,1.55887e-05,0.045204,0.00069569,0.00460953,2016-11-16T01:36:04.660000Z,2016-11-16T01:36:04.120000Z,0.0014167286,0.0001260644,9.5933e-06,0.06004277,0.00083696,0.00612266,0.001800554,0.00021426,1.95515e-05,10000541.IV.SMA1..EH,3.0,6.0,1.0,1.0,1.0,mps,earthquake
24,25,10000541,IV,SNTG,,HH,43.255,12.94057,650.0,590.0,Vs30 extracted from ShakeMap,2016-11-16T01:35:56.21Z,42.7592,13.1932,10.3,0.03,0.0018,0.0024,0.2,0.19,44.0,0.24,2.1,ML,,,,,,10.61,18.83,-0.06,0.36,58.805,59.7,339.6,159.4,92.0,65.0,2016-11-16T01:35:50.05Z,0.01,12000,manual,0.1,2016-11-16T01:36:06.82Z,undecidable,manual,0.3,2016-11-16T01:36:15.04Z,1677,2499.0,-2.0,-1.0,0.0,0.02025,0.02442,0.01592,-1237.0,-889.0,-1002.0,942.0,960.0,837.0,82.425,75.681,75.04,-32.0,-33.0,-31.0,30.0,28.0,29.0,0.0,0.0,0.0,17.819,15.859,17.574,0.01441211,0.00027439,0.00146963,2016-11-16T01:36:15.770000Z,2016-11-16T01:36:16.160000Z,0.0003350488,2.48399e-05,1.8275e-05,0.01467251,0.00023036,0.00149618,2016-11-16T01:36:16.160200Z,2016-11-16T01:36:16.140200Z,0.0004547819,2.45741e-05,1.18188e-05,0.01448288,0.00023607,0.00147684,2016-11-16T01:36:16.470200Z,2016-11-16T01:36:16.450200Z,0.0002611941,2.69173e-05,1.17402e-05,0.01467251,0.00027439,0.00149618,0.0004547818,2.48399e-05,1.8275e-05,10000541.IV.SNTG..HH,1.0,3.0,1.0,1.0,1.0,mps,earthquake
25,26,10000541,IV,SNTG,,HN,43.255,12.94057,650.0,590.0,Vs30 extracted from ShakeMap,2016-11-16T01:35:56.21Z,42.7592,13.1932,10.3,0.03,0.0018,0.0024,0.2,0.19,44.0,0.24,2.1,ML,,,,,,10.61,18.83,-0.06,0.36,58.805,59.7,339.6,159.4,92.0,65.0,2016-11-16T01:35:50.07Z,0.01,12000,manual,0.1,2016-11-16T01:36:06.82Z,undecidable,manual,0.3,2016-11-16T01:36:15.04Z,1675,2497.0,0.0,0.0,0.0,-0.00817,0.00017,0.00275,-46.0,-46.0,-52.0,48.0,27.0,43.0,3.454,3.185,3.464,-1.0,-1.0,-1.0,1.0,1.0,1.0,0.0,0.0,0.0,14.098,12.197,14.429,0.01446376,0.0004625,0.00147489,2016-11-16T01:36:15.780200Z,2016-11-16T01:36:06.990200Z,0.0003468803,0.0001450523,8.83201e-05,0.01469946,0.00044602,0.00149893,2016-11-16T01:36:16.170200Z,2016-11-16T01:37:06.680200Z,0.0005666594,0.0003341519,5.58681e-05,0.01291947,0.00031609,0.00131742,2016-11-16T01:36:16.210200Z,2016-11-16T01:36:17.350200Z,0.0003716442,0.0001445128,7.86738e-05,0.01469946,0.0004625,0.00149893,0.0005666594,0.0003341519,8.83201e-05,10000541.IV.SNTG..HN,,,,,,mps2,earthquake
26,27,10000541,IV,T1215,,EH,42.80188,12.868511,695.0,819.0,Vs30 extracted from ShakeMap,2016-11-16T01:35:56.21Z,42.7592,13.1932,10.3,0.03,0.0018,0.0024,0.2,0.19,44.0,0.24,2.1,ML,,,,,,5.59,9.58,-0.1,-0.26,26.989,28.888,280.2,100.0,97.0,70.0,2016-11-16T01:35:32.13Z,0.01,12000,manual,0.1,2016-11-16T01:36:01.80Z,positive,manual,0.3,2016-11-16T01:36:05.79Z,2967,3365.0,0.0,0.0,0.0,-0.00442,-0.00317,-0.00133,-3214.0,-2971.0,-1395.0,2506.0,2433.0,1512.0,135.319,166.054,89.636,-6.0,-6.0,-4.0,6.0,6.0,4.0,0.0,0.0,0.0,34.967,36.312,37.348,0.09946473,0.00117275,0.01014258,2016-11-16T01:36:06.418000Z,2016-11-16T01:36:06.438000Z,0.0012551199,8.84386e-05,4.62843e-05,0.08481538,0.00134801,0.00864876,2016-11-16T01:36:07.028000Z,2016-11-16T01:36:06.328000Z,0.0010405182,8.59942e-05,5.53785e-05,0.04710233,0.00067107,0.0048031,2016-11-16T01:36:06.158000Z,2016-11-16T01:36:06.348000Z,0.0006959652,0.0001340145,3.5503e-05,0.09946473,0.00134801,0.01014258,0.0012551199,8.84386e-05,5.53785e-05,10000541.IV.T1215..EH,3.0,6.0,1.0,1.0,1.0,mps,earthquake
27,28,10000541,IV,T1215,,HN,42.80188,12.868511,695.0,819.0,Vs30 extracted from ShakeMap,2016-11-16T01:35:56.21Z,42.7592,13.1932,10.3,0.03,0.0018,0.0024,0.2,0.19,44.0,0.24,2.1,ML,,,,,,5.59,9.58,-0.1,-0.26,26.989,28.888,280.2,100.0,97.0,70.0,2016-11-16T01:35:34.81Z,0.01,12000,manual,0.1,2016-11-16T01:36:01.80Z,positive,manual,0.3,2016-11-16T01:36:05.79Z,2699,3098.0,0.0,0.0,0.0,-0.00183,0.00983,-0.00817,-347.0,-340.0,-175.0,332.0,312.0,178.0,15.611,20.747,10.555,-1.0,-1.0,0.0,1.0,1.0,0.0,0.0,0.0,0.0,32.354,35.708,32.243,0.10954815,0.00125038,0.0111708,2016-11-16T01:36:06.418000Z,2016-11-16T01:36:06.438000Z,0.0012173136,9.33608e-05,3.91332e-05,0.10436847,0.00101595,0.01064262,2016-11-16T01:36:07.028000Z,2016-11-16T01:36:06.358000Z,0.001010179,0.0001118039,6.31894e-05,0.05435709,0.00063076,0.00554288,2016-11-16T01:36:06.358000Z,2016-11-16T01:36:06.258000Z,0.0007216437,0.0001937985,4.75423e-05,0.10954815,0.00125038,0.0111708,0.0012173137,0.0001118039,6.31894e-05,10000541.IV.T1215..HN,,,,,,mps2,earthquake
28,29,10000541,IV,T1216,,EH,42.890667,13.019,620.0,547.0,Vs30 extracted from ShakeMap,2016-11-16T01:35:56.21Z,42.7592,13.1932,10.3,0.03,0.0018,0.0024,0.2,0.19,44.0,0.24,2.1,ML,,,,,,4.51,7.46,-0.08,-0.48,20.401,22.854,315.8,135.7,99.0,68.0,2016-11-16T01:35:26.05Z,0.01,12000,manual,0.1,2016-11-16T01:36:00.72Z,positive,manual,0.3,2016-11-16T01:36:03.67Z,3467,3761.0,0.0,0.0,0.0,-0.00108,-0.005,0.00025,-4612.0,-3671.0,-2102.0,3989.0,4271.0,2409.0,277.954,292.601,144.049,-14.0,-15.0,-8.0,14.0,15.0,8.0,0.0,0.0,0.0,37.396,36.71,37.477,0.10597891,0.00170612,0.01080684,2016-11-16T01:36:05.178000Z,2016-11-16T01:36:05.198000Z,0.0050353028,0.0002770959,4.21606e-05,0.10487474,0.00183122,0.01069425,2016-11-16T01:36:04.738000Z,2016-11-16T01:36:04.748000Z,0.0063964039,0.0003041962,5.43098e-05,0.07590872,0.00114112,0.00774053,2016-11-16T01:36:04.848000Z,2016-11-16T01:36:04.858000Z,0.0023976674,0.0002423,5.41496e-05,0.10597891,0.00183122,0.01080684,0.006396404,0.0003041962,5.43098e-05,10000541.IV.T1216..EH,1.0,6.0,1.0,1.0,1.0,mps,earthquake
29,30,10000541,IV,T1216,,HN,42.890667,13.019,620.0,547.0,Vs30 extracted from ShakeMap,2016-11-16T01:35:56.21Z,42.7592,13.1932,10.3,0.03,0.0018,0.0024,0.2,0.19,44.0,0.24,2.1,ML,,,,,,4.51,7.46,-0.08,-0.48,20.401,22.854,315.8,135.7,99.0,68.0,2016-11-16T01:35:40.95Z,0.01,12000,manual,0.1,2016-11-16T01:36:00.72Z,positive,manual,0.3,2016-11-16T01:36:03.67Z,1977,2272.0,0.0,0.0,0.0,0.01133,0.00033,-0.008,-403.0,-318.0,-225.0,403.0,543.0,308.0,25.976,25.747,16.447,-1.0,-1.0,-1.0,1.0,1.0,1.0,1.0,1.0,1.0,34.735,36.905,34.567,0.12728126,0.00176021,0.01297908,2016-11-16T01:36:05.172000Z,2016-11-16T01:36:05.192000Z,0.0057450988,0.000311972,0.000149386,0.16498806,0.00196002,0.0168241,2016-11-16T01:36:04.732000Z,2016-11-16T01:36:04.742000Z,0.0057834095,0.0002639988,7.10676e-05,0.09724311,0.00114331,0.00991604,2016-11-16T01:36:04.842000Z,2016-11-16T01:36:04.862000Z,0.0027797719,0.0003061634,6.10767e-05,0.16498806,0.00196002,0.0168241,0.0057834093,0.000311972,0.000149386,10000541.IV.T1216..HN,,,,,,mps2,earthquake
30,31,10000541,IV,T1218,,EH,42.669983,13.115224,1184.0,604.0,Vs30 extracted from ShakeMap,2016-11-16T01:35:56.21Z,42.7592,13.1932,10.3,0.03,0.0018,0.0024,0.2,0.19,44.0,0.24,2.1,ML,,,,,,3.42,5.61,0.37,0.35,11.791,15.656,212.8,32.8,94.0,71.0,2016-11-16T01:35:22.64Z,0.01,12000,manual,0.1,2016-11-16T01:35:59.63Z,positive,manual,0.3,2016-11-16T01:36:01.82Z,3699,3918.0,0.0,0.0,0.0,-0.00633,0.00025,-0.00225,-10292.0,-8113.0,-2080.0,8692.0,8697.0,2416.0,449.134,482.073,160.733,-15.0,-17.0,-7.0,16.0,18.0,7.0,0.0,0.0,0.0,45.446,44.409,43.009,0.2178683,0.0037052,0.02221638,2016-11-16T01:36:02.280000Z,2016-11-16T01:36:02.040000Z,0.0077277587,0.0004154011,7.65626e-05,0.2328964,0.00371202,0.02374882,2016-11-16T01:36:02.280000Z,2016-11-16T01:36:02.080000Z,0.016134189,0.0006416529,8.77944e-05,0.06343723,0.00102184,0.0064688,2016-11-16T01:36:02.590000Z,2016-11-16T01:36:03.140000Z,0.0033302606,0.0001315301,3.81929e-05,0.2328964,0.00371202,0.02374882,0.01613419,0.0006416529,8.77944e-05,10000541.IV.T1218..EH,4.0,5.0,1.0,1.0,1.0,mps,earthquake
31,32,10000541,IV,T1218,,HN,42.669983,13.115224,1184.0,604.0,Vs30 extracted from ShakeMap,2016-11-16T01:35:56.21Z,42.7592,13.1932,10.3,0.03,0.0018,0.0024,0.2,0.19,44.0,0.24,2.1,ML,,,,,,3.42,5.61,0.37,0.35,11.791,15.656,212.8,32.8,94.0,71.0,2016-11-16T01:35:23.45Z,0.01,12000,manual,0.1,2016-11-16T01:35:59.63Z,positive,manual,0.3,2016-11-16T01:36:01.82Z,3618,3836.0,0.0,0.0,0.0,-0.01308,0.00408,0.002,-1002.0,-708.0,-304.0,694.0,802.0,242.0,48.139,39.268,16.88,-1.0,-1.0,-1.0,2.0,1.0,1.0,0.0,1.0,1.0,42.745,41.789,36.316,0.29113915,0.00367883,0.02968793,2016-11-16T01:36:02.278000Z,2016-11-16T01:36:02.258000Z,0.0081063491,0.0004608829,5.80046e-05,0.24739921,0.00381309,0.0252277,2016-11-16T01:36:02.278000Z,2016-11-16T01:36:02.078000Z,0.0160193985,0.0007007427,7.33928e-05,0.08674798,0.00126131,0.00884583,2016-11-16T01:36:02.128000Z,2016-11-16T01:36:02.568000Z,0.0034626685,0.000168775,4.21384e-05,0.29113916,0.00381309,0.02968793,0.016019398,0.0007007427,7.33928e-05,10000541.IV.T1218..HN,,,,,,mps2,earthquake
32,33,10000541,IV,T1219,,EH,43.05583,13.00473,717.0,575.0,Vs30 extracted from ShakeMap,2016-11-16T01:35:56.21Z,42.7592,13.1932,10.3,0.03,0.0018,0.0024,0.2,0.19,44.0,0.24,2.1,ML,,,,,,7.06,12.27,-0.16,-0.21,36.37,37.8,335.0,154.9,94.0,70.0,2016-11-16T01:35:29.70Z,0.01,12000,manual,0.1,2016-11-16T01:36:03.27Z,negative,manual,0.3,2016-11-16T01:36:08.48Z,3357,3878.0,0.0,0.0,0.0,0.0015,-0.001,-0.00067,-3944.0,-6570.0,-3632.0,3491.0,4597.0,3569.0,179.056,236.737,140.015,-8.0,-9.0,-6.0,8.0,10.0,6.0,0.0,0.0,0.0,42.079,42.385,40.404,0.08586596,0.00149146,0.00875589,2016-11-16T01:36:08.746000Z,2016-11-16T01:36:09.026000Z,0.0061752121,0.0002156806,5.06255e-05,0.10843733,0.00266059,0.01105753,2016-11-16T01:36:08.966000Z,2016-11-16T01:36:08.826000Z,0.0070460078,0.0003015638,4.62573e-05,0.06168544,0.0017088,0.00629016,2016-11-16T01:36:08.726000Z,2016-11-16T01:36:08.696000Z,0.0056174859,0.0003011486,6.47912e-05,0.10843733,0.00266059,0.01105753,0.007046008,0.0003015638,5.06255e-05,10000541.IV.T1219..EH,2.0,4.0,1.0,1.0,1.0,mps,earthquake
33,34,10000541,IV,T1219,,HN,43.05583,13.00473,717.0,575.0,Vs30 extracted from ShakeMap,2016-11-16T01:35:56.21Z,42.7592,13.1932,10.3,0.03,0.0018,0.0024,0.2,0.19,44.0,0.24,2.1,ML,,,,,,7.06,12.27,-0.16,-0.21,36.37,37.8,335.0,154.9,94.0,70.0,2016-11-16T01:35:35.56Z,0.01,12000,manual,0.1,2016-11-16T01:36:03.27Z,negative,manual,0.3,2016-11-16T01:36:08.48Z,2771,3292.0,0.0,0.0,0.0,0.00658,-0.01742,0.00608,-337.0,-381.0,-167.0,233.0,353.0,205.0,12.653,15.969,8.761,-1.0,-1.0,0.0,1.0,1.0,0.0,4.0,2.0,2.0,35.854,37.323,34.204,0.10516848,0.00160173,0.0107242,2016-11-16T01:36:08.750000Z,2016-11-16T01:36:08.730000Z,0.0058093527,0.0001832993,4.122e-05,0.11572313,0.00264312,0.01180047,2016-11-16T01:36:08.970000Z,2016-11-16T01:36:08.830000Z,0.0073827285,0.0003104688,6.48538e-05,0.06555781,0.00166218,0.00668504,2016-11-16T01:36:08.720000Z,2016-11-16T01:36:08.810000Z,0.0056492522,0.0002129169,6.41579e-05,0.11572313,0.00264312,0.01180048,0.0073827286,0.0003104688,6.48538e-05,10000541.IV.T1219..HN,,,,,,mps2,earthquake
34,35,10000541,IV,T1243,,HH,42.69657,13.44839,1120.0,610.0,Vs30 extracted from ShakeMap,2016-11-16T01:35:56.21Z,42.7592,13.1932,10.3,0.03,0.0018,0.0024,0.2,0.19,44.0,0.24,2.1,ML,,,,,,4.82,7.85,-0.05,-0.57,22.028,24.317,108.3,288.5,99.0,66.0,2016-11-16T01:35:45.69Z,0.01,12000,manual,0.1,2016-11-16T01:36:01.03Z,undecidable,manual,0.3,2016-11-16T01:36:04.06Z,1534,1837.0,12.0,-29.0,1.0,-0.01,0.02067,-0.04958,-7090.0,-8288.0,-5503.0,12594.0,7315.0,3561.0,565.134,516.233,252.032,-225.0,-262.0,-35.0,258.0,234.0,33.0,0.0,0.0,0.0,22.585,20.245,29.559,0.30612654,0.00540348,0.03121622,2016-11-16T01:36:04.750000Z,2016-11-16T01:36:04.770000Z,0.0117480168,0.0003573088,3.69848e-05,0.25708282,0.00353868,0.02621515,2016-11-16T01:36:04.890200Z,2016-11-16T01:36:04.910200Z,0.0065907975,0.0003113271,4.21906e-05,0.1280592,0.0023503,0.0130584,2016-11-16T01:36:04.670200Z,2016-11-16T01:36:04.660200Z,0.0033845504,0.0001934906,2.94407e-05,0.30612653,0.00540348,0.03121622,0.011748017,0.0003573088,4.21906e-05,10000541.IV.T1243..HH,1.0,5.0,1.0,1.0,1.0,mps,earthquake
35,36,10000541,IV,T1243,,HN,42.69657,13.44839,1120.0,610.0,Vs30 extracted from ShakeMap,2016-11-16T01:35:56.21Z,42.7592,13.1932,10.3,0.03,0.0018,0.0024,0.2,0.19,44.0,0.24,2.1,ML,,,,,,4.82,7.85,-0.05,-0.57,22.028,24.317,108.3,288.5,99.0,66.0,2016-11-16T01:35:44.72Z,0.01,12000,manual,0.1,2016-11-16T01:36:01.03Z,undecidable,manual,0.3,2016-11-16T01:36:04.06Z,1630,1934.0,0.0,0.0,0.0,-0.00517,0.00192,-0.00067,-818.0,-1016.0,-503.0,1152.0,804.0,538.0,54.179,49.03,33.096,-2.0,-2.0,-2.0,2.0,2.0,2.0,0.0,0.0,0.0,36.799,35.238,35.067,0.33176088,0.00545787,0.03383019,2016-11-16T01:36:04.760000Z,2016-11-16T01:36:04.780000Z,0.011856438,0.0003555796,6.56077e-05,0.32657363,0.00287184,0.03330124,2016-11-16T01:36:04.560000Z,2016-11-16T01:36:05.000000Z,0.006757794,0.0003756505,7.13485e-05,0.14454942,0.00211359,0.01473994,2016-11-16T01:36:04.690000Z,2016-11-16T01:36:04.670000Z,0.0034261972,0.0002559177,8.35679e-05,0.33176088,0.00545787,0.0338302,0.011856438,0.0003756505,7.13485e-05,10000541.IV.T1243..HN,,,,,,mps2,earthquake
36,37,10000541,IV,T1245,,HH,42.85654,13.18798,1541.0,616.0,Vs30 extracted from ShakeMap,2016-11-16T01:35:56.21Z,42.7592,13.1932,10.3,0.03,0.0018,0.0024,0.2,0.19,44.0,0.24,2.1,ML,,,,,,3.2,5.2,0.16,-0.05,10.822,14.94,357.7,177.7,99.0,76.0,2016-11-16T01:35:39.02Z,0.01,12000,manual,0.1,2016-11-16T01:35:59.41Z,positive,manual,0.3,2016-11-16T01:36:01.41Z,2039,2239.0,0.0,-29.0,0.0,-0.00767,0.06917,-0.01025,-8946.0,-14034.0,-3996.0,10759.0,12705.0,3527.0,638.556,757.072,253.877,-37.0,-87.0,-25.0,40.0,87.0,26.0,0.0,0.0,0.0,36.565,35.084,32.851,0.27584971,0.0047315,0.02812884,2016-11-16T01:36:01.860200Z,2016-11-16T01:36:01.580200Z,0.0109421196,0.0005367452,5.20339e-05,0.27978993,0.0058986,0.02853063,2016-11-16T01:36:01.940000Z,2016-11-16T01:36:01.960000Z,0.0208393072,0.0008144156,6.58809e-05,0.13268402,0.0017961,0.01353,2016-11-16T01:36:01.670200Z,2016-11-16T01:36:01.690200Z,0.0041385253,0.0002971287,2.42684e-05,0.27978992,0.0058986,0.02853063,0.020839307,0.0008144156,6.58809e-05,10000541.IV.T1245..HH,2.0,9.0,1.0,1.0,1.0,mps,earthquake
37,38,10000541,IV,T1245,,HN,42.85654,13.18798,1541.0,616.0,Vs30 extracted from ShakeMap,2016-11-16T01:35:56.21Z,42.7592,13.1932,10.3,0.03,0.0018,0.0024,0.2,0.19,44.0,0.24,2.1,ML,,,,,,3.2,5.2,0.16,-0.05,10.822,14.94,357.7,177.7,99.0,76.0,2016-11-16T01:35:39.84Z,0.01,12000,manual,0.1,2016-11-16T01:35:59.41Z,positive,manual,0.3,2016-11-16T01:36:01.41Z,1957,2157.0,0.0,0.0,0.0,0.00075,0.00025,-0.0015,-1113.0,-920.0,-548.0,1267.0,897.0,457.0,66.319,58.046,28.403,-3.0,-3.0,-2.0,3.0,3.0,2.0,0.0,0.0,0.0,36.968,37.061,34.407,0.41950278,0.00489007,0.04277738,2016-11-16T01:36:01.875200Z,2016-11-16T01:36:01.595200Z,0.0091252004,0.0005224037,7.7111e-05,0.29054643,0.00572065,0.02962749,2016-11-16T01:36:02.075200Z,2016-11-16T01:36:01.975200Z,0.0219447716,0.000919948,0.000143914,0.12901344,0.00161816,0.01315571,2016-11-16T01:36:01.675200Z,2016-11-16T01:36:01.705200Z,0.0039374233,0.0002503237,7.82249e-05,0.41950276,0.00572065,0.04277738,0.021944772,0.000919948,0.000143914,10000541.IV.T1245..HN,,,,,,mps2,earthquake
38,39,10000541,IV,T1247,,HH,42.44157,13.29834,836.0,280.0,Vs30 extracted from ShakeMap,2016-11-16T01:35:56.21Z,42.7592,13.1932,10.3,0.03,0.0018,0.0024,0.2,0.19,44.0,0.24,2.1,ML,,,,,,7.17,12.52,0.05,0.22,36.324,37.756,166.2,346.3,96.0,47.0,2016-11-16T01:35:46.95Z,0.01,12000,manual,0.1,2016-11-16T01:36:03.38Z,undecidable,manual,0.6,2016-11-16T01:36:08.73Z,1643,2178.0,74.0,-42.0,43.0,-0.048,0.02725,-0.03042,-12888.0,-13368.0,-7235.0,17926.0,13063.0,7482.0,1262.163,1217.614,884.887,-405.0,-426.0,-397.0,483.0,398.0,423.0,0.0,0.0,0.0,17.501,23.087,12.595,0.04384589,0.00073539,0.00447104,2016-11-16T01:36:11.120000Z,2016-11-16T01:36:11.140000Z,0.0010315828,0.0001424078,2.32549e-05,0.03001477,0.00054934,0.00306065,2016-11-16T01:36:10.900000Z,2016-11-16T01:36:11.550000Z,0.0014993854,8.19808e-05,1.80164e-05,0.02089206,0.00032425,0.0021304,2016-11-16T01:36:13.260000Z,2016-11-16T01:36:13.280000Z,0.0007017858,5.47544e-05,1.85417e-05,0.04384589,0.00073539,0.00447104,0.0014993855,0.0001424078,2.32549e-05,10000541.IV.T1247..HH,0.0,2.0,1.0,1.0,1.0,mps,earthquake
39,40,10000541,IV,T1256,,HH,43.00631,13.22604,1536.0,681.0,Vs30 extracted from ShakeMap,2016-11-16T01:35:56.21Z,42.7592,13.1932,10.3,0.03,0.0018,0.0024,0.2,0.19,44.0,0.24,2.1,ML,,,,,,5.85,9.91,-0.04,-0.28,27.582,29.443,5.6,185.6,98.0,70.0,2016-11-16T01:35:41.44Z,0.01,12000,manual,0.1,2016-11-16T01:36:02.06Z,undecidable,manual,0.3,2016-11-16T01:36:06.12Z,2062,2468.0,32.5,1.0,1.0,-0.02758,-0.00867,-0.01208,-1375.0,-1602.0,-565.0,919.0,1321.0,583.0,236.198,107.556,64.99,-216.0,-50.0,-36.0,190.0,60.0,39.0,0.0,0.0,0.0,10.995,16.534,12.107,0.03837223,0.00063849,0.00391288,2016-11-16T01:36:07.280200Z,2016-11-16T01:36:07.260200Z,0.0012778036,0.0001177903,1.89387e-05,0.04325185,0.00066121,0.00441046,2016-11-16T01:36:07.250200Z,2016-11-16T01:36:07.230200Z,0.0008570055,6.70358e-05,1.28646e-05,0.01858991,0.00024869,0.00189564,2016-11-16T01:36:07.280200Z,2016-11-16T01:36:06.790200Z,0.0006881207,5.95269e-05,1.8969e-05,0.04325186,0.00066121,0.00441046,0.0012778037,0.0001177903,1.89387e-05,10000541.IV.T1256..HH,3.0,7.0,1.0,1.0,1.0,mps,earthquake
40,41,10000541,IV,T1256,,HN,43.00631,13.22604,1536.0,681.0,Vs30 extracted from ShakeMap,2016-11-16T01:35:56.21Z,42.7592,13.1932,10.3,0.03,0.0018,0.0024,0.2,0.19,44.0,0.24,2.1,ML,,,,,,5.85,9.91,-0.04,-0.28,27.582,29.443,5.6,185.6,98.0,70.0,2016-11-16T01:35:41.72Z,0.01,12000,manual,0.1,2016-11-16T01:36:02.06Z,undecidable,manual,0.3,2016-11-16T01:36:06.12Z,2034,2440.0,0.0,0.0,0.0,-0.01333,-0.00283,-0.00575,-101.0,-126.0,-64.0,137.0,146.0,61.0,7.785,9.546,4.962,-1.0,-2.0,-1.0,1.0,2.0,1.0,0.0,0.0,0.0,24.308,24.814,19.203,0.04170734,0.00047737,0.00425297,2016-11-16T01:36:07.290000Z,2016-11-16T01:36:07.270000Z,0.0013480297,0.0001573068,6.68013e-05,0.04426422,0.00076951,0.00451369,2016-11-16T01:36:07.260000Z,2016-11-16T01:36:03.230000Z,0.0009163246,0.0002410317,7.33504e-05,0.01963039,0.00044675,0.00200174,2016-11-16T01:36:07.290000Z,2016-11-16T01:36:06.860000Z,0.0007377414,0.000109694,5.72816e-05,0.04426422,0.00076951,0.00451369,0.0013480297,0.0002410317,7.33504e-05,10000541.IV.T1256..HN,,,,,,mps2,earthquake
41,42,10000541,IV,TERO,,HH,42.62279,13.60393,673.0,912.0,Vs30 measured on field,2016-11-16T01:35:56.21Z,42.7592,13.1932,10.3,0.03,0.0018,0.0024,0.2,0.19,44.0,0.24,2.1,ML,,,,,,7.04,12.31,-0.21,-0.23,36.912,38.323,114.1,294.4,93.0,70.0,2016-11-16T01:35:45.86Z,0.01,12000,manual,0.1,2016-11-16T01:36:03.25Z,positive,manual,0.3,2016-11-16T01:36:08.52Z,1739,2266.0,0.0,-15.0,-4.0,0.0005,0.02475,0.00758,-25214.0,-24395.0,-7205.0,27379.0,27914.0,7785.0,1240.684,1375.703,564.545,-190.0,-170.0,-145.0,169.0,145.0,149.0,0.0,0.0,0.0,29.403,34.045,27.588,0.16029661,0.00182164,0.01634571,2016-11-16T01:36:08.920000Z,2016-11-16T01:36:08.910000Z,0.0011872599,0.0001019739,1.38775e-05,0.15083017,0.00160826,0.0153804,2016-11-16T01:36:09.000000Z,2016-11-16T01:36:09.010000Z,0.0010660059,0.0001064054,1.18895e-05,0.03643764,0.00040126,0.00371561,2016-11-16T01:36:09.150000Z,2016-11-16T01:36:09.140000Z,0.0008780621,6.61962e-05,1.87988e-05,0.1602966,0.00182164,0.01634571,0.0011872599,0.0001064054,1.38775e-05,10000541.IV.TERO..HH,1.0,3.0,1.0,1.0,1.0,mps,earthquake
42,43,10000541,IV,TERO,,HN,42.62279,13.60393,673.0,912.0,Vs30 measured on field,2016-11-16T01:35:56.21Z,42.7592,13.1932,10.3,0.03,0.0018,0.0024,0.2,0.19,44.0,0.24,2.1,ML,,,,,,7.04,12.31,-0.21,-0.23,36.912,38.323,114.1,294.4,93.0,70.0,2016-11-16T01:35:46.63Z,0.01,12000,manual,0.1,2016-11-16T01:36:03.25Z,positive,manual,0.3,2016-11-16T01:36:08.52Z,1662,2189.0,0.0,0.0,0.0,0.00367,0.00342,-0.01442,-545.0,-453.0,-165.0,408.0,532.0,198.0,20.782,25.478,15.058,-1.0,-1.0,-1.0,1.0,1.0,1.0,0.0,0.0,0.0,33.044,37.421,30.992,0.14050589,0.00123969,0.01432761,2016-11-16T01:36:08.920000Z,2016-11-16T01:36:08.910000Z,0.0009619405,0.0001971611,0.0001038197,0.14039713,0.00104085,0.01431652,2016-11-16T01:36:09.000000Z,2016-11-16T01:36:09.010000Z,0.0009951469,0.0001090111,3.28484e-05,0.04038409,0.0007982,0.00411803,2016-11-16T01:36:09.150000Z,2016-11-16T01:36:09.170000Z,0.0008171867,9.52083e-05,7.97396e-05,0.1405059,0.00123969,0.01432761,0.0009951468,0.0001971611,0.0001038197,10000541.IV.TERO..HN,,,,,,mps2,earthquake
43,44,10000641,IV,AOI,,HH,43.55017,13.602,530.0,577.0,Vs30 extracted from ShakeMap,2016-11-16T01:39:14.75Z,42.8823,13.1667,7.6,0.03,0.0018,0.0037,0.2,0.22,56.0,0.25,3.0,ML,,,,,,14.7,25.65,0.18,0.51,82.197,82.548,25.3,205.6,96.0,67.0,2016-11-16T01:39:12.91Z,0.01,12000,manual,0.1,2016-11-16T01:39:29.45Z,negative,manual,0.3,2016-11-16T01:39:40.40Z,1653,2749.0,5.0,35.0,21.0,-0.00425,-0.02808,-0.02342,-9002.0,-8779.0,-3376.0,8312.0,7148.0,4893.0,1018.338,952.708,593.22,-361.0,-388.0,-260.0,348.0,394.25,242.0,0.0,0.0,0.0,21.585,20.911,16.429,0.02528047,0.00077695,0.00257789,2016-11-16T01:39:46.920200Z,2016-11-16T01:39:46.840200Z,0.0062535192,0.0003956594,0.000130744,0.02422837,0.00073859,0.00247061,2016-11-16T01:39:44.030200Z,2016-11-16T01:39:45.730200Z,0.0048091419,0.0004319743,0.0001073299,0.01076341,0.00039583,0.00109756,2016-11-16T01:39:45.230200Z,2016-11-16T01:39:45.030200Z,0.0025320573,0.0001492127,7.31094e-05,0.02528047,0.00077695,0.00257789,0.006253519,0.0004319743,0.000130744,10000641.IV.AOI..HH,1.0,1.0,1.0,1.0,1.0,mps,earthquake
44,45,10000641,IV,ARRO,,EH,42.57917,12.76567,253.0,549.0,Vs30 extracted from ShakeMap,2016-11-16T01:39:14.75Z,42.8823,13.1667,7.6,0.03,0.0018,0.0037,0.2,0.22,56.0,0.25,3.0,ML,,,,,,8.88,15.85,-0.22,0.09,47.038,47.648,224.4,44.1,96.0,49.0,2016-11-16T01:39:07.20Z,0.01,12000,manual,0.1,2016-11-16T01:39:23.63Z,positive,manual,0.6,2016-11-16T01:39:30.60Z,1643,2340.0,0.0,2.0,2.0,0.01442,0.00208,0.00542,-9148.0,-7308.0,-5754.0,11208.0,8969.0,4576.0,941.973,944.198,650.148,-91.0,-95.0,-95.0,91.0,90.0,94.0,0.0,0.0,0.0,38.738,39.278,34.497,0.06489213,0.00221917,0.00661716,2016-11-16T01:39:32.590000Z,2016-11-16T01:39:32.650000Z,0.0167625448,0.0010702337,0.0001986831,0.0777513,0.00181291,0.00792843,2016-11-16T01:39:32.750200Z,2016-11-16T01:39:32.720200Z,0.0127685332,0.0005980338,0.0002014119,0.045892,0.00111954,0.00467968,2016-11-16T01:39:31.330200Z,2016-11-16T01:39:31.310200Z,0.0061392688,0.0007550212,0.0003081947,0.0777513,0.00221917,0.00792843,0.016762545,0.0010702336,0.0002014119,10000641.IV.ARRO..EH,1.0,1.0,1.0,1.0,1.0,mps,earthquake
45,46,10000641,IV,ARVD,,HH,43.49807,12.94153,461.0,685.0,Vs30 extracted from ShakeMap,2016-11-16T01:39:14.75Z,42.8823,13.1667,7.6,0.03,0.0018,0.0037,0.2,0.22,56.0,0.25,3.0,ML,,,,,,12.34,22.65,-0.43,0.54,70.816,71.223,345.1,164.9,91.0,44.0,2016-11-16T01:39:10.99Z,0.01,12000,manual,0.1,2016-11-16T01:39:27.09Z,positive,manual,0.6,2016-11-16T01:39:37.40Z,1610,2641.0,7.0,14.0,-8.0,-0.01692,-0.02283,0.01217,-18217.0,-15692.0,-12634.0,17335.0,12666.0,18844.0,1190.018,969.138,1100.008,-203.0,-186.25,-181.0,205.0,178.0,175.0,0.0,0.0,0.0,38.956,29.867,34.64,0.09032396,0.00151619,0.00921048,2016-11-16T01:39:38.400200Z,2016-11-16T01:39:40.480200Z,0.0033820683,0.000431778,5.89199e-05,0.06292564,0.00124499,0.00641663,2016-11-16T01:39:38.600300Z,2016-11-16T01:39:38.580300Z,0.0025303939,0.0003264678,9.99026e-05,0.09427485,0.00157076,0.00961336,2016-11-16T01:39:38.860200Z,2016-11-16T01:39:38.880200Z,0.0026265157,0.000249329,0.0001183626,0.09032395,0.00151619,0.00921048,0.0033820684,0.000431778,9.99026e-05,10000641.IV.ARVD..HH,1.0,1.0,1.0,1.0,1.0,mps,earthquake
46,47,10000641,IV,ATBU,,EH,43.47571,12.54828,1000.0,580.0,Vs30 extracted from ShakeMap,2016-11-16T01:39:14.75Z,42.8823,13.1667,7.6,0.03,0.0018,0.0037,0.2,0.22,56.0,0.25,3.0,ML,,,,,,14.81,25.65,0.19,0.34,82.911,83.258,322.9,142.5,96.0,70.0,2016-11-16T01:39:09.18Z,0.01,12000,manual,0.1,2016-11-16T01:39:29.56Z,positive,manual,0.3,2016-11-16T01:39:40.40Z,2037,3122.0,2.0,4.0,-2.0,-0.03283,0.00033,0.01,-5003.0,-4737.0,-2042.0,5522.0,4682.0,2834.0,780.561,720.09,358.241,-174.0,-182.0,-127.0,160.0,175.0,103.0,0.0,0.0,0.0,30.287,31.438,21.893,0.03024942,0.00101392,0.00308458,2016-11-16T01:39:44.770200Z,2016-11-16T01:39:48.440200Z,0.007636733,0.0009309954,8.58911e-05,0.02594685,0.00091088,0.00264584,2016-11-16T01:39:42.520000Z,2016-11-16T01:39:50.720000Z,0.0044955856,0.0010998428,0.0001381693,0.01194411,0.00045476,0.00121796,2016-11-16T01:39:43.020200Z,2016-11-16T01:39:46.860200Z,0.0018634669,0.0004204886,0.0001165277,0.03024942,0.00101392,0.00308458,0.007636733,0.0010998428,0.0001381693,10000641.IV.ATBU..EH,1.0,1.0,1.0,1.0,1.0,mps,earthquake
47,48,10000641,IV,ATCC,,EH,43.18514,12.63994,557.0,667.0,Vs30 extracted from ShakeMap,2016-11-16T01:39:14.75Z,42.8823,13.1667,7.6,0.03,0.0018,0.0037,0.2,0.22,56.0,0.25,3.0,ML,,,,,,10.02,17.95,-0.23,0.2,54.541,55.068,308.3,127.9,95.0,48.0,2016-11-16T01:39:03.20Z,0.01,12000,manual,0.1,2016-11-16T01:39:24.77Z,negative,manual,0.6,2016-11-16T01:39:32.70Z,2157,2950.0,-3.0,8.0,-2.0,0.012,0.01317,0.00867,-11714.0,-9327.0,-5930.0,13540.0,15558.0,8134.0,1191.38,1140.51,701.904,-201.0,-151.0,-105.0,176.0,152.0,110.0,0.0,0.0,0.0,39.227,33.658,35.254,0.13432982,0.00267766,0.01369783,2016-11-16T01:39:34.130200Z,2016-11-16T01:39:34.450200Z,0.0088195405,0.0016081566,0.0002294788,0.13902262,0.00283013,0.01417636,2016-11-16T01:39:34.610000Z,2016-11-16T01:39:34.630000Z,0.0093195223,0.0012306583,0.0002174447,0.06466902,0.00154447,0.0065944,2016-11-16T01:39:34.290000Z,2016-11-16T01:39:34.260000Z,0.0046114763,0.0007756042,0.0002578682,0.13902262,0.00283013,0.01417636,0.009319522,0.0016081566,0.0002294788,10000641.IV.ATCC..EH,1.0,1.0,1.0,1.0,1.0,mps,earthquake
48,49,10000641,IV,ATCC,,HN,43.18514,12.63994,557.0,667.0,Vs30 extracted from ShakeMap,2016-11-16T01:39:14.75Z,42.8823,13.1667,7.6,0.03,0.0018,0.0037,0.2,0.22,56.0,0.25,3.0,ML,,,,,,10.02,17.95,-0.23,0.2,54.541,55.068,308.3,127.9,95.0,48.0,2016-11-16T01:39:05.78Z,0.01,12000,manual,0.1,2016-11-16T01:39:24.77Z,negative,manual,0.6,2016-11-16T01:39:32.70Z,1898,2691.0,0.0,0.0,0.0,-0.00267,-0.00525,-0.00458,-464.0,-330.0,-220.0,434.0,471.0,214.0,26.896,23.088,13.993,-2.0,-2.0,-2.0,2.0,2.0,2.0,0.0,0.0,0.0,35.913,32.879,28.61,0.14454131,0.00246825,0.01473911,2016-11-16T01:39:34.135200Z,2016-11-16T01:39:34.455200Z,0.0089378268,0.0016110871,0.0002240658,0.14348609,0.00287238,0.01463151,2016-11-16T01:39:34.615200Z,2016-11-16T01:39:34.645200Z,0.0091640179,0.0010666089,0.0002149786,0.06828265,0.00141267,0.00696289,2016-11-16T01:39:34.305200Z,2016-11-16T01:39:34.275200Z,0.0044644734,0.0007356247,0.0002388809,0.14454131,0.00287238,0.01473911,0.009164018,0.001611087,0.0002240658,10000641.IV.ATCC..HN,,,,,,mps2,earthquake
49,50,10000641,IV,ATFO,,HH,43.3666,12.5715,960.0,607.0,Vs30 extracted from ShakeMap,2016-11-16T01:39:14.75Z,42.8823,13.1667,7.6,0.03,0.0018,0.0037,0.2,0.22,56.0,0.25,3.0,ML,,,,,,12.9,22.45,-0.1,-0.06,72.393,72.791,318.2,137.8,98.0,49.0,2016-11-16T01:39:08.74Z,0.01,12000,manual,0.1,2016-11-16T01:39:27.65Z,positive,manual,0.6,2016-11-16T01:39:37.20Z,1891,2846.0,48.0,-106.0,-1.0,-0.03842,0.0825,-0.01292,-7620.0,-6391.0,-4727.0,6173.0,6381.0,6111.0,1137.846,1046.517,672.714,-337.25,-375.0,-215.0,410.0,237.0,206.0,0.0,0.0,0.0,19.657,18.677,24.401,0.02104387,0.00059648,0.00214588,2016-11-16T01:39:38.820200Z,2016-11-16T01:39:45.120200Z,0.0031715509,0.0005528462,0.0001172285,0.02004348,0.00058104,0.00204387,2016-11-16T01:39:39.720200Z,2016-11-16T01:39:42.560200Z,0.0031360575,0.0006407598,6.31302e-05,0.01292426,0.00052543,0.00131791,2016-11-16T01:39:39.840200Z,2016-11-16T01:39:39.460200Z,0.0012956873,0.0003032605,5.7593e-05,0.02104386,0.00059648,0.00214588,0.003171551,0.0006407598,0.0001172285,10000641.IV.ATFO..HH,1.0,1.0,1.0,1.0,1.0,mps,earthquake
